,Brand,Category,Sub_Category
1818,Nike Air Max 270,Clothes,Shoes
1819,Adidas Ultra Boost,Clothes,Shoes
1820,Converse Chuck Taylor All Star,Clothes,Shoes
1821,Vans Old Skool,Clothes,Shoes
1822,New Balance 990v5,Clothes,Shoes
1823,Adidas Stan Smith,Clothes,Shoes
1824,Nike Air Force 1,Clothes,Shoes
1825,Reebok Classic Leather,Clothes,Shoes
1826,Puma Cali,Clothes,Shoes
1827,Saucony Jazz Original,Clothes,Shoes
1828,Asics Gel-Kayano 27,Clothes,Shoes
1829,Fila Disruptor II,Clothes,Shoes
1830,Adidas Originals Superstar,Clothes,Shoes
1831,Timberland Classic 6-Inch Boot,Clothes,Shoes
1832,Birkenstock Arizona,Clothes,Shoes
1833,Doc Martens 1460,Clothes,Shoes
1834,Brooks Adrenaline GTS 21,Clothes,Shoes
1835,Nike Zoom Pegasus 38,Clothes,Shoes
1836,Converse One Star,Clothes,Shoes
1837,Vans Sk8-Hi,Clothes,Shoes
1838,New Balance 990v4,Clothes,Shoes
1839,Adidas NMD_R1,Clothes,Shoes
1840,Nike Free RN 5.0,Clothes,Shoes
1841,Reebok Club C 85,Clothes,Shoes
1842,Puma Suede Classic,Clothes,Shoes
1843,Asics Gel-Nimbus 23,Clothes,Shoes
1844,Saucony Triumph 18,Clothes,Shoes
1845,Fila D-Formation,Clothes,Shoes
1846,Adidas Yeezy Boost 350 V2,Clothes,Shoes
1847,Timberland 6-Inch Premium Boot,Clothes,Shoes
1848,Birkenstock Gizeh,Clothes,Shoes
1849,Doc Martens Jadon,Clothes,Shoes
1850,Brooks Ghost 14,Clothes,Shoes
1851,Nike Joyride Run Flyknit,Clothes,Shoes
1852,Converse Chuck 70,Clothes,Shoes
1853,Vans Slip-On,Clothes,Shoes
1854,New Balance 990v3,Clothes,Shoes
1855,Adidas Originals Campus,Clothes,Shoes
1856,Nike Air Zoom Structure 23,Clothes,Shoes
1857,Reebok Aztrek,Clothes,Shoes
1858,Puma RS-X3,Clothes,Shoes
1859,Asics Gel-Kinsei OG,Clothes,Shoes
1860,Saucony Endorphin Shift,Clothes,Shoes
1861,Fila Ray,Clothes,Shoes
1862,Adidas Ultraboost 21,Clothes,Shoes
1863,Timberland Euro Hiker,Clothes,Shoes
1864,Birkenstock Boston,Clothes,Shoes
1865,Doc Martens 1490,Clothes,Shoes
1866,Brooks Launch 8,Clothes,Shoes
1867,Nike Air Zoom Pegasus 38 Shield,Clothes,Shoes
1868,Converse Run Star Hike,Clothes,Shoes
1869,Vans Era,Clothes,Shoes
1870,New Balance 990v2,Clothes,Shoes
1871,Adidas Samba Classic,Clothes,Shoes
1872,Nike React Infinity Run Flyknit 2,Clothes,Shoes
1873,Reebok Nano X1,Clothes,Shoes
1874,Puma Future Rider,Clothes,Shoes
1875,Asics Gel-Kayano 28,Clothes,Shoes
1876,Saucony Omni 20,Clothes,Shoes
1877,Fila Trailblazer,Clothes,Shoes
1878,Adidas Yeezy Boost 700,Clothes,Shoes
1879,Timberland Chukka Boot,Clothes,Shoes
1880,Birkenstock Mayari,Clothes,Shoes
1881,Doc Martens 2976,Clothes,Shoes
1882,Brooks Levitate 4,Clothes,Shoes
1883,Nike Air Max 2090,Clothes,Shoes
1884,Converse Jack Purcell,Clothes,Shoes
1885,Vans Authentic,Clothes,Shoes
1886,New Balance Fresh Foam 1080v11,Clothes,Shoes
1887,Adidas Gazelle,Clothes,Shoes
1888,Nike Air Zoom Terra Kiger 7,Clothes,Shoes
1889,Reebok Classic Nylon,Clothes,Shoes
1890,Puma Ralph Sampson,Clothes,Shoes
1891,Asics Gel-Contend 7,Clothes,Shoes
1892,Saucony Ride 14,Clothes,Shoes
1893,Fila Mindblower,Clothes,Shoes
1894,Adidas Nite Jogger,Clothes,Shoes
1895,Timberland Radford Boot,Clothes,Shoes
1896,Birkenstock Milano,Clothes,Shoes
1897,Doc Martens 1461,Clothes,Shoes
1898,Brooks Glycerin 19,Clothes,Shoes
1899,Nike Air Zoom SuperRep 2,Clothes,Shoes
1900,Converse Chuck Taylor All Star 70,Clothes,Shoes
1901,Vans Era 59,Clothes,Shoes
1902,New Balance FuelCell Propel v3,Clothes,Shoes
1903,Adidas Adilette,Clothes,Shoes
1904,Nike Air Max 97,Clothes,Shoes
1905,Reebok Zig Kinetica II,Clothes,Shoes
1906,Puma Calibrate Runner,Clothes,Shoes
1907,Asics Gel-Cumulus 23,Clothes,Shoes
1908,Saucony Guide 14,Clothes,Shoes
1909,Fila Vulc 13,Clothes,Shoes
1910,Adidas Superstar 80s,Clothes,Shoes
1911,Timberland Davis Square,Clothes,Shoes
1912,Birkenstock Zurich,Clothes,Shoes
1913,Doc Martens 101,Clothes,Shoes
1914,Brooks Transcend 7,Clothes,Shoes
1915,Nike Revolution 5,Clothes,Shoes
1916,Converse Pro Leather,Clothes,Shoes
1917,Vans Authentic Platform,Clothes,Shoes
1918,New Balance Fresh Foam,Clothes,Shoes
1919,Adidas Terrex Swift R3 GTX,Clothes,Shoes
1920,Nike Blazer Mid '77,Clothes,Shoes
1921,Reebok Legacy Lifter II,Clothes,Shoes
1922,Puma Clyde,Clothes,Shoes
1923,Asics Gel-Quantum 360 6,Clothes,Shoes
1924,Saucony Cohesion 14,Clothes,Shoes
1925,Fila F-13,Clothes,Shoes
1926,Adidas ZX 2K Boost,Clothes,Shoes
1927,Timberland Jayne Waterproof Boot,Clothes,Shoes
1928,Birkenstock Florida,Clothes,Shoes
1929,Doc Martens Pascal,Clothes,Shoes
1930,Brooks Addiction Walker 2,Clothes,Shoes
1931,Nike Air Max 95,Clothes,Shoes
1932,Converse ERX 260,Clothes,Shoes
1933,Vans UltraRange Rapidweld,Clothes,Shoes
1934,New Balance Fresh Foam More v3,Clothes,Shoes
1935,Adidas Courtjam Bounce,Clothes,Shoes
1936,Nike Phantom GT Elite DF,Clothes,Shoes
1937,Reebok Classic Vector,Clothes,Shoes
1938,Puma Mirage Tech,Clothes,Shoes
1939,Asics Gel-Venture 8,Clothes,Shoes
1940,Saucony Excursion TR14,Clothes,Shoes
1941,Fila Venom,Clothes,Shoes
1942,Adidas Ultraboost 19,Clothes,Shoes
1943,Timberland Courmayeur Valley Boot,Clothes,Shoes
1944,Birkenstock Taormina,Clothes,Shoes
1945,Doc Martens 1460 Pascal,Clothes,Shoes
1946,Brooks Ravenna 12,Clothes,Shoes
1947,Nike Renew Run,Clothes,Shoes
1948,Converse CTAS Pro,Clothes,Shoes
1949,Vans Chima Pro 2,Clothes,Shoes
1950,New Balance 880v11,Clothes,Shoes
1951,Adidas Terrex Two Ultra Parley,Clothes,Shoes
1952,Nike Mercurial Vapor 14 Elite FG,Clothes,Shoes
1953,Reebok Club C Revenge,Clothes,Shoes
1954,Puma RS-2K Internet Exploring,Clothes,Shoes
1955,Asics Gel-Pulse 13,Clothes,Shoes
1956,Saucony Endorphin Speed 2,Clothes,Shoes
1957,Fila T-1 Mid,Clothes,Shoes
1958,Adidas X90004D,Clothes,Shoes
1959,Timberland Courmayeur Valley Chelsea Boot,Clothes,Shoes
1960,Birkenstock Yao,Clothes,Shoes
1961,Doc Martens 1461 Vegan,Clothes,Shoes
1962,Brooks Ariel 20,Clothes,Shoes
1963,Nike Air Force 1 React,Clothes,Shoes
1964,Converse Chuck Taylor All Star Leather High Top,Clothes,Shoes
1965,Vans Classic Slip-On,Clothes,Shoes
1966,New Balance FuelCell Rebel v2,Clothes,Shoes
1967,Adidas Questar Flow,Clothes,Shoes
1968,Nike Phantom Venom Academy FG,Clothes,Shoes
1969,Reebok Nano 9,Clothes,Shoes
1970,Puma Future Z 1.1 FG/AG,Clothes,Shoes
1971,Asics Gel-Kayano Lite,Clothes,Shoes
1972,Saucony Liberty ISO 2,Clothes,Shoes
1973,Fila Ray Tracer,Clothes,Shoes
1974,Adidas 4D Run 1.0,Clothes,Shoes
1975,Timberland Jayne 6-Inch Waterproof Boot,Clothes,Shoes
1976,Birkenstock Yao Balance,Clothes,Shoes
1977,Doc Martens Adrian,Clothes,Shoes
1978,Brooks Cascadia 16,Clothes,Shoes
1979,Nike Zoom Rival Fly 3,Clothes,Shoes
1980,Converse CTAS Chuck 70,Clothes,Shoes
1981,Vans Classic Slip-On Platform,Clothes,Shoes
1982,New Balance Fresh Foam 1080v10,Clothes,Shoes
1983,Adidas Ultraboost PB,Clothes,Shoes
1984,Nike Legend Essential,Clothes,Shoes
1985,Reebok Floatride Energy 3,Clothes,Shoes
1986,Puma Future Rider Play On,Clothes,Shoes
1987,Asics Gel-Dedicate 6,Clothes,Shoes
1988,Saucony Kinvara 12,Clothes,Shoes
1989,Fila Mindbreaker 2.0,Clothes,Shoes
1990,Adidas Terrex AX3 GTX,Clothes,Shoes
1991,Timberland Radford Chukka Boot,Clothes,Shoes
1992,Birkenstock Yao Platform,Clothes,Shoes
1993,Doc Martens 1460 Vintage,Clothes,Shoes
1994,Brooks Launch GTS 8,Clothes,Shoes
1995,Nike Zoom Fly 3,Clothes,Shoes
1996,Converse Chuck 70 HI Renew,Clothes,Shoes
1997,Vans Era ComfyCush,Clothes,Shoes
1998,New Balance Fresh Foam Hierro v6,Clothes,Shoes
1999,Adidas ZX 2K Flux,Clothes,Shoes
2000,Nike Air Max 270 React,Clothes,Shoes
2001,Reebok Classic Leather Legacy,Clothes,Shoes
2002,Puma Basket Classic LFS,Clothes,Shoes
2003,Asics Gel-Quantum 180 6,Clothes,Shoes
2004,Saucony Hurricane 23,Clothes,Shoes
2005,Fila Trailblazer Wedge,Clothes,Shoes
2006,Adidas Terrex Free Hiker,Clothes,Shoes
2007,Timberland 6-Inch Shearling Boot,Clothes,Shoes
2008,Birkenstock Yao Balance Platform,Clothes,Shoes
2009,Doc Martens 1460 Serena,Clothes,Shoes
2010,Forever 21,Clothes,Clothes
2011,H&M,Clothes,Clothes
2012,Zara,Clothes,Clothes
2013,American Eagle Outfitters,Clothes,Clothes
2014,Urban Outfitters,Clothes,Clothes
2015,Abercrombie & Fitch,Clothes,Clothes
2016,Hollister Co.,Clothes,Clothes
2017,J.Crew,Clothes,Clothes
2018,Madewell,Clothes,Clothes
2019,Anthropologie,Clothes,Clothes
2020,Free People,Clothes,Clothes
2021,Aritzia,Clothes,Clothes
2022,Topshop,Clothes,Clothes
2023,Uniqlo,Clothes,Clothes
2024,Express,Clothes,Clothes
2025,ASOS,Clothes,Clothes
2026,PacSun,Clothes,Clothes
2027,Charlotte Russe,Clothes,Clothes
2028,Rue21,Clothes,Clothes
2029,Windsor,Clothes,Clothes
2030,Cotton On,Clothes,Clothes
2031,Fashion Nova,Clothes,Clothes
2032,Lulus,Clothes,Clothes
2033,Boohoo,Clothes,Clothes
2034,Missguided,Clothes,Clothes
2035,Nasty Gal,Clothes,Clothes
2036,PrettyLittleThing,Clothes,Clothes
2037,Revolve,Clothes,Clothes
2038,Shein,Clothes,Clothes
2039,Tobi,Clothes,Clothes
2040,Princess Polly,Clothes,Clothes
2041,Showpo,Clothes,Clothes
2042,Verge Girl,Clothes,Clothes
2043,Beginning Boutique,Clothes,Clothes
2044,Tiger Mist,Clothes,Clothes
2045,Sabo Skirt,Clothes,Clothes
2046,Faithfull the Brand,Clothes,Clothes
2047,For Love & Lemons,Clothes,Clothes
2048,Reformation,Clothes,Clothes
2049,Ganni,Clothes,Clothes
2050,Rixo,Clothes,Clothes
2051,Aje,Clothes,Clothes
2052,SIR the Label,Clothes,Clothes
2053,Siriano,Clothes,Clothes
2054,Zimmerman,Clothes,Clothes
2055,Faithfull,Clothes,Clothes
2056,Tiffany & Co. Return to Tiffany Heart Tag Charm Bracelet,Clothes,Jewelry
2057,Pandora Moments Charm Bracelet,Clothes,Jewelry
2058,Alex and Ani Initial Bracelet,Clothes,Jewelry
2059,David Yurman Cable Classics Bracelet with Gold,Clothes,Jewelry
2060,Cartier Love Bracelet,Clothes,Jewelry
2061,Swarovski Crystal Tennis Bracelet,Clothes,Jewelry
2062,Kendra Scott Elaina Birthstone Bracelet,Clothes,Jewelry
2063,Bony Levy Stackable Diamond Ring,Clothes,Jewelry
2064,Monica Vinader Fiji Diamond Friendship Bracelet,Clothes,Jewelry
2065,Lagos Caviar Bracelet,Clothes,Jewelry
2066,Kate Spade New York Sailor's Knot Stud Earrings,Clothes,Jewelry
2067,Mikimoto Akoya Cultured Pearl Necklace,Clothes,Jewelry
2068,BaubleBar Gabriela Tassel Fringe Earrings,Clothes,Jewelry
2069,Kendra Scott Rayne Necklace,Clothes,Jewelry
2070,Gorjana Taner Bar Necklace,Clothes,Jewelry
2071,Kendra Scott Elisa Pendant Necklace,Clothes,Jewelry
2072,LAGOS Signature Caviar Hoop Earrings,Clothes,Jewelry
2073,LAGOS Black Caviar Diamond Bracelet,Clothes,Jewelry
2074,Tiffany & Co. T Wire Bracelet,Clothes,Jewelry
2075,Mejuri Lotus Necklace,Clothes,Jewelry
2076,Kate Spade New York One in a Million Pendant Necklace,Clothes,Jewelry
2077,David Yurman Cable Classics Bracelet with Diamonds,Clothes,Jewelry
2078,Kate Spade New York Idiom Bangle,Clothes,Jewelry
2079,Swarovski Crystal Pearl Drop Earrings,Clothes,Jewelry
2080,Kendra Scott Aragon Drop Earrings,Clothes,Jewelry
2081,Pandora Rose Sparkling Strand Bracelet,Clothes,Jewelry
2082,John Hardy Classic Chain Bracelet,Clothes,Jewelry
2083,BaubleBar Mini Alidia Ring,Clothes,Jewelry
2084,Mejuri Croissant D�me Ring,Clothes,Jewelry
2085,Bony Levy Diamond Stud Earrings,Clothes,Jewelry
2086,Anna Beck Reversible Disc Pendant Necklace,Clothes,Jewelry
2087,Monica Vinader Siren Mini Stacking Ring,Clothes,Jewelry
2088,Catbird Sweet Nothing Choker,Clothes,Jewelry
2089,David Yurman Cable Collectibles Heart Bracelet,Clothes,Jewelry
2090,Kendra Scott Aiden Pendant Necklace,Clothes,Jewelry
2091,Lagos Caviar Diamond Stacking Ring,Clothes,Jewelry
2092,Sydney Evan 14k Gold Diamond Evil Eye Bracelet,Clothes,Jewelry
2093,Kendra Scott Sophia Drop Earrings,Clothes,Jewelry
2094,Pandora Sparkling Clear Bracelet,Clothes,Jewelry
2095,Swarovski Tennis Necklace and Earrings Set,Clothes,Jewelry
2096,BaubleBar Hera Pearl Hoop Earrings,Clothes,Jewelry
2097,Alexis Bittar Liquid Gold Small Hoop Earrings,Clothes,Jewelry
2098,LAGOS Sterling Silver Diamond Bracelet,Clothes,Jewelry
2099,Monica Vinader Alta Capture Charm Bracelet,Clothes,Jewelry
2100,David Yurman Stax Bracelet,Clothes,Jewelry
2101,Kendra Scott Ellie Stud Earrings,Clothes,Jewelry
2102,Jennifer Zeuner Small Hoop Earrings,Clothes,Jewelry
2103,Bony Levy Diamond Tennis Bracelet,Clothes,Jewelry
2104,John Hardy Legends Naga Bracelet,Clothes,Jewelry
2105,Gorjana Chloe Small Stud Earrings,Clothes,Jewelry
2106,Lagos Diamond Caviar Stud Earrings,Clothes,Jewelry
2107,Tiffany & Co. Paloma Picasso Olive Leaf Earrings,Clothes,Jewelry
2108,Sydney Evan 14k Gold Diamond Love Necklace,Clothes,Jewelry
2109,Kendra Scott Sophee Drop Earrings,Clothes,Jewelry
2110,Alex and Ani Path of Life Bangle,Clothes,Jewelry
2111,BaubleBar Mini Alidia Bracelet,Clothes,Jewelry
2112,Monica Vinader Baja Precious Diamond Ring,Clothes,Jewelry
2113,David Yurman Cable Classics Bracelet with Amethyst and Gold,Clothes,Jewelry
2114,Swarovski Ginger Bangle Bracelet,Clothes,Jewelry
2115,Kate Spade New York Small Square Stud Earrings,Clothes,Jewelry
2116,Kendra Scott Edie Ring,Clothes,Jewelry
2117,LAGOS Diamond Caviar Earrings,Clothes,Jewelry
2118,LAGOS Sterling Silver Caviar Beaded Bracelet,Clothes,Jewelry
2119,Swarovski Crystal Angelic Necklace and Earring Set,Clothes,Jewelry
2120,Bony Levy Diamond Band Ring,Clothes,Jewelry
2121,John Hardy Classic Chain Lava Bracelet,Clothes,Jewelry
2122,Alexis Bittar Dewdrop Earrings,Clothes,Jewelry
2123,Jennifer Zeuner Mini Initial Necklace,Clothes,Jewelry
2124,Kendra Scott Kirsten Drop Earrings,Clothes,Jewelry
2125,Monica Vinader Linear Stone Bracelet,Clothes,Jewelry
2126,BaubleBar Mini Hera Huggie Hoop Earrings,Clothes,Jewelry
2127,Tiffany & Co. Elsa Peretti Bean Earrings,Clothes,Jewelry
2128,Alex and Ani Tree of Life Bangle,Clothes,Jewelry
2129,Kate Spade New York Heritage Spade Heart Stud Earrings,Clothes,Jewelry
2130,Kendra Scott Adelia Hoop Earrings,Clothes,Jewelry
2131,LAGOS Caviar Icon Stacking Ring,Clothes,Jewelry
2132,Swarovski Angelic Square Pendant Necklace,Clothes,Jewelry
2133,David Yurman Ch�telaine Earrings with Diamonds and Hampton Blue Topaz,Clothes,Jewelry
2134,BaubleBar Slim Huggie Hoop Earrings,Clothes,Jewelry
2135,Sydney Evan 14k Gold Diamond Cross Bracelet,Clothes,Jewelry
2136,Mejuri Boyfriend Hoops,Clothes,Jewelry
2137,Monica Vinader Alta Capture Charm Bracelet,Clothes,Jewelry
2138,Pandora Moments Snake Chain Bracelet,Clothes,Jewelry
2139,Bony Levy Diamond Stacking Ring,Clothes,Jewelry
2140,Kendra Scott Diane Drop Earrings,Clothes,Jewelry
2141,John Hardy Classic Chain Lava Bracelet,Clothes,Jewelry
2142,LAGOS Caviar Diamond Stacking Ring,Clothes,Jewelry
2143,Alexis Bittar Elements Crystal Stud Earrings,Clothes,Jewelry
2144,Gorjana Bali Layered Necklace,Clothes,Jewelry
2145,Kate Spade New York Small Square Leverback Earrings,Clothes,Jewelry
2146,Swarovski Crystal Stone Bangle Bracelet,Clothes,Jewelry
2147,Jennifer Zeuner Initial Pendant Necklace,Clothes,Jewelry
2148,David Yurman Cable Classics Bracelet with Blue Topaz and Gold,Clothes,Jewelry
2149,BaubleBar Tinsley Asymmetrical Crystal Earrings,Clothes,Jewelry
2150,Kendra Scott Phara Necklace,Clothes,Jewelry
2151,LAGOS Signature Caviar Diamond Bracelet,Clothes,Jewelry
2152,Swarovski Crystal Angelic Square Bracelet,Clothes,Jewelry
2153,Tiffany & Co. Elsa Peretti Open Heart Necklace,Clothes,Jewelry
2154,Sydney Evan 14k Gold Diamond Disc Bracelet,Clothes,Jewelry
2155,Monica Vinader Fiji Diamond Stud Earrings,Clothes,Jewelry
2156,Bony Levy Diamond Pav� Pendant Necklace,Clothes,Jewelry
2157,Pandora Moments Heart Clasp Snake Chain Bracelet,Clothes,Jewelry
2158,John Hardy Classic Chain Bracelet with Black Sapphire,Clothes,Jewelry
2159,Gorjana Tanner Stud Earrings,Clothes,Jewelry
2160,Kendra Scott Elaina Chain Bracelet,Clothes,Jewelry
2161,LAGOS Black Caviar Hoop Earrings,Clothes,Jewelry
2162,Swarovski Attract Trilogy Round Necklace,Clothes,Jewelry
2163,Alexis Bittar Crystal Studded Post Earrings,Clothes,Jewelry
2164,BaubleBar Mini Hera Pendant Necklace,Clothes,Jewelry
2165,David Yurman Cable Classics Bracelet with Onyx and Gold,Clothes,Jewelry
2166,Mejuri Bold Hoops,Clothes,Jewelry
2167,Kate Spade New York Flying Colors Statement Stud Earrings,Clothes,Jewelry
2168,Monica Vinader Nura Mini Heart Necklace,Clothes,Jewelry
2169,Kendra Scott Elora Hoop Earrings,Clothes,Jewelry
2170,LAGOS Caviar Beaded Tassel Earrings,Clothes,Jewelry
2171,Swarovski Duo Evil Eye Pendant Necklace,Clothes,Jewelry
2172,Tiffany & Co. T Wire Ring,Clothes,Jewelry
2173,Sydney Evan 14k Gold Diamond Moon and Star Necklace,Clothes,Jewelry
2174,Bony Levy Diamond Cluster Ring,Clothes,Jewelry
2175,John Hardy Classic Chain Lava Ring,Clothes,Jewelry
2176,Gorjana G Ring Hoop Earrings,Clothes,Jewelry
2177,Jennifer Zeuner Necklace with Mini Swirly and Initial Charms,Clothes,Jewelry
2178,Kendra Scott Dira Cuff Bracelet,Clothes,Jewelry
2179,Pandora Pav� Heart Bracelet,Clothes,Jewelry
2180,LAGOS Black Caviar Diamond Hoop Earrings,Clothes,Jewelry
2181,Swarovski Crystal Evil Eye Pendant Necklace,Clothes,Jewelry
2182,BaubleBar Mini Alidia Bracelet,Clothes,Jewelry
2183,Alexis Bittar Asymmetrical Huggie Earrings,Clothes,Jewelry
2184,David Yurman Cable Classics Bracelet with Aquamarine and Gold,Clothes,Jewelry
2185,Monica Vinader Baja Precious Skinny Bar Bracelet,Clothes,Jewelry
2186,Kate Spade New York Heart to Heart Huggie Earrings,Clothes,Jewelry
2187,Kendra Scott Sophee Drop Earrings,Clothes,Jewelry
2188,Mejuri Double Chain Necklace,Clothes,Jewelry
2189,Swarovski Crystal Wishes Pendant Necklace,Clothes,Jewelry
2190,LAGOS Signature Caviar Diamond Stud Earrings,Clothes,Jewelry
2191,John Hardy Classic Chain Wave Pendant Necklace,Clothes,Jewelry
2192,Gorjana Bali Hoop Earrings,Clothes,Jewelry
2193,Sydney Evan 14k Gold Diamond Starburst Stud Earrings,Clothes,Jewelry
2194,Tiffany & Co. HardWear Ball Pendant Necklace,Clothes,Jewelry
2195,Bony Levy Diamond Hoop Earrings,Clothes,Jewelry
2196,Pandora Pav� Inspiration Safety Chain,Clothes,Jewelry
2197,Jennifer Zeuner Margaux Mini Hoop Earrings,Clothes,Jewelry
2198,BaubleBar Mini Hera Pendant Necklace,Clothes,Jewelry