,Description,Category,Sub_Category
83,409 All-Purpose Cleaner,Home,Home_Essentials
84,Affresh Washer Cleaner,Home,Home_Essentials
85,Ajax Cleaner,Home,Home_Essentials
86,Air Wick Air Fresheners,Home,Home_Essentials
87,Arm & Hammer Baking Soda,Home,Home_Essentials
88,Bar Keepers Friend Cleanser,Home,Home_Essentials
89,Bissell Carpet Cleaners,Home,Home_Essentials
90,Bon Ami Cleanser,Home,Home_Essentials
91,Bounty Paper Towels,Home,Home_Essentials
92,Bounce Dryer Sheets,Home,Home_Essentials
93,Cascade Dishwashing Detergent,Home,Home_Essentials
94,Charmin Toilet Paper,Home,Home_Essentials
95,Clorox Bleach,Home,Home_Essentials
96,Clorox Disinfecting Wipes,Home,Home_Essentials
97,Clorox Toilet Bowl Cleaner,Home,Home_Essentials
98,Comet Cleanser,Home,Home_Essentials
99,Dawn Dishwashing Detergent,Home,Home_Essentials
100,Drano Drain Cleaner,Home,Home_Essentials
101,Downy Fabric Softener,Home,Home_Essentials
102,Dreft Laundry Detergent,Home,Home_Essentials
103,Dryel At-Home Dry Cleaning Kits,Home,Home_Essentials
104,Duracell Batteries,Home,Home_Essentials
105,Febreze Air Fresheners,Home,Home_Essentials
106,Finish Dishwashing Detergent,Home,Home_Essentials
107,Formula 409 All-Purpose Cleaner,Home,Home_Essentials
108,Gain Laundry Detergent,Home,Home_Essentials
109,Goo Gone Stain Remover,Home,Home_Essentials
110,Green Works All-Purpose Cleaner,Home,Home_Essentials
111,Hoover Vacuum Cleaners,Home,Home_Essentials
112,"Kaboom Shower, Tub & Tile Cleaner",Home,Home_Essentials
113,Lemi Shine Dishwashing Detergent,Home,Home_Essentials
114,Lysol Disinfecting Wipes,Home,Home_Essentials
115,Magic Eraser Cleaning Pads,Home,Home_Essentials
116,Method All-Purpose Cleaner,Home,Home_Essentials
117,Microban 24 Hour Sanitizing Spray,Home,Home_Essentials
118,Mrs. Meyer's Clean Day All-Purpose Cleaner,Home,Home_Essentials
119,Murphy Oil Soap,Home,Home_Essentials
120,O-Cedar Mops and Brooms,Home,Home_Essentials
121,OxiClean Stain Remover,Home,Home_Essentials
122,Pine-Sol All-Purpose Cleaner,Home,Home_Essentials
123,Pledge Furniture Polish,Home,Home_Essentials
124,Purell Hand Sanitizer,Home,Home_Essentials
125,Resolve Carpet Cleaner,Home,Home_Essentials
126,Rid-X Septic Tank Treatment,Home,Home_Essentials
127,Rubbermaid Storage Containers,Home,Home_Essentials
128,Rug Doctor Carpet Cleaners,Home,Home_Essentials
129,S.O.S. Steel Wool Pads,Home,Home_Essentials
130,Scotch-Brite Sponges,Home,Home_Essentials
131,Scrubbing Bubbles Bathroom Cleaner,Home,Home_Essentials
132,Seventh Generation All-Purpose Cleaner,Home,Home_Essentials
133,Shout Stain Remover,Home,Home_Essentials
134,Simple Green All-Purpose Cleaner,Home,Home_Essentials
135,Soft Scrub Cleanser,Home,Home_Essentials
136,Spot Shot Carpet Stain Remover,Home,Home_Essentials
137,Sprayway Glass Cleaner,Home,Home_Essentials
138,Swiffer Cleaning System,Home,Home_Essentials
139,Tilex Mold & Mildew Remover,Home,Home_Essentials
140,Tide Laundry Detergent,Home,Home_Essentials
141,Tilex Shower Cleaner,Home,Home_Essentials
142,Windex Glass Cleaner,Home,Home_Essentials
143,Woolite Laundry Detergent,Home,Home_Essentials
144,Zep All-Purpose Cleaner,Home,Home_Essentials
145,Blender,Home,Kitchen
146,Can opener,Home,Kitchen
147,Coffee maker,Home,Kitchen
148,"Cooking utensils (spatulas, spoons, tongs, etc.)",Home,Kitchen
149,Cutting board,Home,Kitchen
150,Dish rack,Home,Kitchen
151,Dish towels,Home,Kitchen
152,Dish soap,Home,Kitchen
153,Dishwasher detergent,Home,Kitchen
154,Dutch oven,Home,Kitchen
155,Electric kettle,Home,Kitchen
156,Food processor,Home,Kitchen
157,Frying pan,Home,Kitchen
158,Garbage can,Home,Kitchen
159,"Glassware (glasses, mugs, etc.)",Home,Kitchen
160,Hand mixer,Home,Kitchen
161,Ice cube trays,Home,Kitchen
162,Instant Pot,Home,Kitchen
163,Juicer,Home,Kitchen
164,Kitchen towels,Home,Kitchen
165,Knife set,Home,Kitchen
166,Measuring cups and spoons,Home,Kitchen
167,Microwave,Home,Kitchen
168,Mixing bowls,Home,Kitchen
169,Muffin tin,Home,Kitchen
170,Non-stick cooking spray,Home,Kitchen
171,Oven mitts,Home,Kitchen
172,Parchment paper,Home,Kitchen
173,Pasta strainer,Home,Kitchen
174,Peeler,Home,Kitchen
175,Pitcher,Home,Kitchen
176,Plastic wrap,Home,Kitchen
177,Pots and pans,Home,Kitchen
178,Pressure cooker,Home,Kitchen
179,Rice cooker,Home,Kitchen
180,Rolling pin,Home,Kitchen
181,Salad spinner,Home,Kitchen
182,Salt and pepper shakers,Home,Kitchen
183,Saut� pan,Home,Kitchen
184,Scale,Home,Kitchen
185,Serving platters,Home,Kitchen
186,Silicone baking mats,Home,Kitchen
187,"Silverware (forks, knives, spoons)",Home,Kitchen
188,Slow cooker,Home,Kitchen
189,Spatula,Home,Kitchen
190,Spice rack,Home,Kitchen
191,Sponge,Home,Kitchen
192,Springform pan,Home,Kitchen
193,Stockpot,Home,Kitchen
194,Toaster,Home,Kitchen
195,Toaster oven,Home,Kitchen
196,Trash bags,Home,Kitchen
197,Vegetable peeler,Home,Kitchen
198,Whisk,Home,Kitchen
199,Aluminum foil,Home,Kitchen
200,Baking cups,Home,Kitchen
201,Baking sheets,Home,Kitchen
202,Bread box,Home,Kitchen
203,Butter dish,Home,Kitchen
204,Cake pan,Home,Kitchen
205,Casserole dish,Home,Kitchen
206,Cheese grater,Home,Kitchen
207,Citrus juicer,Home,Kitchen
208,Colander,Home,Kitchen
209,Cookie cutters,Home,Kitchen
210,Cookie sheets,Home,Kitchen
211,Cooling rack,Home,Kitchen
212,Corn holders,Home,Kitchen
213,Cream dispenser,Home,Kitchen
214,Cupcake pan,Home,Kitchen
215,"Dinnerware (plates, bowls)",Home,Kitchen
216,Egg timer,Home,Kitchen
217,Espresso machine,Home,Kitchen
218,Flour sifter,Home,Kitchen
219,Fondue pot,Home,Kitchen
220,Food chopper,Home,Kitchen
221,Food storage containers,Home,Kitchen
222,Fruit bowl,Home,Kitchen
223,Gravy boat,Home,Kitchen
224,Ice cream scoop,Home,Kitchen
225,Instant-read thermometer,Home,Kitchen
226,Jar opener,Home,Kitchen
227,Knife sharpener,Home,Kitchen
228,Lemon squeezer,Home,Kitchen
229,Meat grinder,Home,Kitchen
230,Meat thermometer,Home,Kitchen
231,Milk frother,Home,Kitchen
232,Muffin pan,Home,Kitchen
233,Nutcracker,Home,Kitchen
234,Oil mister,Home,Kitchen
235,Pancake griddle,Home,Kitchen
236,Pastry bag,Home,Kitchen
237,Pastry brush,Home,Kitchen
238,Pizza cutter,Home,Kitchen
239,Ramekins,Home,Kitchen
240,Roasting pan,Home,Kitchen
241,Salad tongs,Home,Kitchen
242,Saucepan,Home,Kitchen
243,Tea kettle,Home,Kitchen
264,Adjustable wrench (Crescent),Home,Tools
265,Allen wrench set (Craftsman),Home,Tools
266,Angle grinder (DeWalt),Home,Tools
267,Auto darkening welding helmet (Lincoln Electric),Home,Tools
268,Bench vise (Wilton),Home,Tools
269,Bolt cutters (Klein Tools),Home,Tools
270,Brad nailer (Hitachi),Home,Tools
271,Cable ties (3M),Home,Tools
272,C-clamp (Bessey),Home,Tools
273,Caulking gun (Ryobi),Home,Tools
274,Circular saw (Makita),Home,Tools
275,Clamps (Irwin Tools),Home,Tools
276,Claw hammer (Estwing),Home,Tools
277,Combination square (Swanson Tool),Home,Tools
278,Cordless drill (Milwaukee),Home,Tools
279,Crowfoot wrench set (Sunex Tools),Home,Tools
280,Cutting pliers (Klein Tools),Home,Tools
281,Digital caliper (Mitutoyo),Home,Tools
282,Disc sander (Jet),Home,Tools
283,Drill bits (Bosch),Home,Tools
284,Duct tape (3M),Home,Tools
285,Electrical tape (3M),Home,Tools
286,File set (Nicholson),Home,Tools
287,Finish nailer (Senco),Home,Tools
288,Flare nut wrench set (GearWrench),Home,Tools
289,Flashlight (Streamlight),Home,Tools
290,Framing hammer (Stiletto),Home,Tools
291,Grease gun (Lincoln Industrial),Home,Tools
292,Hack saw (Lenox Tools),Home,Tools
293,Hacksaw blades (Irwin Tools),Home,Tools
294,Handheld vacuum (Dyson),Home,Tools
295,Heat gun (Wagner),Home,Tools
296,Hex key set (Bondhus),Home,Tools
297,Hole saw (Milwaukee),Home,Tools
298,Impact driver (Dewalt),Home,Tools
299,Impact wrench (Snap-On),Home,Tools
300,Jigsaw (Bosch),Home,Tools
301,Job site radio (DeWalt),Home,Tools
302,Jointer (Jet),Home,Tools
303,Leather work gloves (Wells Lamont),Home,Tools
304,Levels (Stabila),Home,Tools
305,Locking pliers (Vise-Grip),Home,Tools
306,Magnetic screwdriver set (Klein Tools),Home,Tools
307,Mallet (Stiletto),Home,Tools
308,Measuring tape (Stanley),Home,Tools
309,Metal chop saw (Evolution Power Tools),Home,Tools
310,Metric socket set (Craftsman),Home,Tools
311,Multimeter (Fluke),Home,Tools
312,Needle nose pliers (Channellock),Home,Tools
313,Oil filter wrench (Lisle),Home,Tools
314,Oscillating multi-tool (Dremel),Home,Tools
315,Paddle bit set (Irwin Tools),Home,Tools
316,Paint brushes (Purdy),Home,Tools
317,Paint sprayer (Graco),Home,Tools
318,Phillips screwdriver (Klein Tools),Home,Tools
319,Pipe wrench (Ridgid),Home,Tools
320,Plunge router (Bosch),Home,Tools
321,Pocket knife (Buck Knives),Home,Tools
322,Polisher (Meguiar's),Home,Tools
323,Pry bar (Stanley),Home,Tools
324,Quick release ratchet (Craftsman),Home,Tools
325,Random orbit sander (Bosch),Home,Tools
326,Reciprocating saw (Milwaukee),Home,Tools
327,Retaining ring pliers (Knipex),Home,Tools
328,Rivet gun (Astro Pneumatic Tool),Home,Tools
329,Rolling toolbox (Husky),Home,Tools
330,Rotary tool (Dremel),Home,Tools
331,Rubber mallet (Tekton),Home,Tools
332,Safety glasses (3M),Home,Tools
333,Safety gloves (Mechanix Wear),Home,Tools
334,Sander (Porter-Cable),Home,Tools
335,Screw extractor set (Irwin Tools),Home,Tools
336,Screwdriver set (Craftsman),Home,Tools
337,Shop vacuum (Ridgid),Home,Tools
338,Side cutters (Knipex),Home,Tools
339,Socket set (Snap-On),Home,Tools
340,Soldering iron (Weller),Home,Tools
341,Staple gun (Arrow),Home,Tools
342,Steel ruler (Starrett),Home,Tools
343,Stud finder (Zircon),Home,Tools
344,Tap and die set (Irwin Tools),Home,Tools
345,Tape measure (Stanley),Home,Tools
346,Torque wrench (Crafts,Home,Tools
999,IKEA,Home,Furniture_Appliances
1000,Rooms To Go,Home,Furniture_Appliances
1001,Ethan Allen,Home,Furniture_Appliances
1002,Williams-Sonoma,Home,Furniture_Appliances
1003,La-Z-Boy,Home,Furniture_Appliances
1004,Havertys,Home,Furniture_Appliances
1005,Bassett Furniture,Home,Furniture_Appliances
1006,Restoration Hardware,Home,Furniture_Appliances
1007,Bob's Discount Furniture,Home,Furniture_Appliances
1008,American Furniture Warehouse,Home,Furniture_Appliances
1009,Raymour & Flanigan,Home,Furniture_Appliances
1010,Badcock Home Furniture &more,Home,Furniture_Appliances
1011,Bassett Furniture Direct,Home,Furniture_Appliances
1012,Art Van Furniture,Home,Furniture_Appliances
1013,Nebraska Furniture Mart,Home,Furniture_Appliances
1014,City Furniture,Home,Furniture_Appliances
1015,Jordan's Furniture,Home,Furniture_Appliances
1016,Mathis Brothers Furniture,Home,Furniture_Appliances
1017,RC Willey,Home,Furniture_Appliances
1018,Ashley Furniture Outlet,Home,Furniture_Appliances
1019,Ashley Homestore Select,Home,Furniture_Appliances
1020,Ashley Furniture Industries,Home,Furniture_Appliances
1021,GE Profile PFE28KYNFS French Door Refrigerator,Home,Furniture_Appliances
1022,LG LRFXS30796D French Door Refrigerator,Home,Furniture_Appliances
1023,Samsung RF28R7351SG French Door Refrigerator,Home,Furniture_Appliances
1024,LG LTCS24223S Top-Freezer Refrigerator,Home,Furniture_Appliances
1025,Whirlpool WRX735SDHZ French Door Refrigerator,Home,Furniture_Appliances
1026,Samsung RF23M8570SG French Door Refrigerator,Home,Furniture_Appliances
1027,GE GNE25JMKES French Door Refrigerator,Home,Furniture_Appliances
1028,LG LFXS28968S French Door Refrigerator,Home,Furniture_Appliances
1029,Frigidaire FGSC2335TF Side-by-Side Refrigerator,Home,Furniture_Appliances
1030,Samsung RT18M6215SG Top-Freezer Refrigerator,Home,Furniture_Appliances
1031,GE GSE25HMHES Side-by-Side Refrigerator,Home,Furniture_Appliances
1032,LG LFXS30796S French Door Refrigerator,Home,Furniture_Appliances
1033,Kenmore 71215 French Door Refrigerator,Home,Furniture_Appliances
1034,GE Profile PVD28BYNFS French Door Refrigerator,Home,Furniture_Appliances
1035,Whirlpool WRF535SWHZ French Door Refrigerator,Home,Furniture_Appliances
1036,LG LMXS30776S French Door Refrigerator,Home,Furniture_Appliances
1037,Samsung RS25J500DSR Side-by-Side Refrigerator,Home,Furniture_Appliances
1038,Kenmore 50023 Side-by-Side Refrigerator,Home,Furniture_Appliances
1039,Frigidaire FFSS2615TS Side-by-Side Refrigerator,Home,Furniture_Appliances
1040,GE GNE27JSMSS French Door Refrigerator,Home,Furniture_Appliances
1041,LG LFXC22526S French Door Refrigerator,Home,Furniture_Appliances
1042,Samsung RF18HFENBSR French Door Refrigerator,Home,Furniture_Appliances
1043,Whirlpool WRS325SDHZ Side-by-Side Refrigerator,Home,Furniture_Appliances
1044,LG LMXS27626S French Door Refrigerator,Home,Furniture_Appliances
1045,GE GFE26JSMSS French Door Refrigerator,Home,Furniture_Appliances
1046,Kenmore 73025 French Door Refrigerator,Home,Furniture_Appliances
1047,Samsung RF23HCEDBSR French Door Refrigerator,Home,Furniture_Appliances
1048,LG LMXS28626S French Door Refrigerator,Home,Furniture_Appliances
1049,Whirlpool WRF555SDHV French Door Refrigerator,Home,Furniture_Appliances
1050,Samsung RF28JBEDBSG French Door Refrigerator,Home,Furniture_Appliances
1051,GE GDE21EMKES Bottom-Freezer Refrigerator,Home,Furniture_Appliances
1052,LG LMXC23796S French Door Refrigerator,Home,Furniture_Appliances
1053,Whirlpool WRS571CIHZ Side-by-Side Refrigerator,Home,Furniture_Appliances
1054,Samsung RF28K9380SR French Door Refrigerator,Home,Furniture_Appliances
1055,LG LMXS30776D French Door Refrigerator,Home,Furniture_Appliances
1056,Frigidaire FFHD2250TS French Door Refrigerator,Home,Furniture_Appliances
1057,Kenmore Elite 72483 French Door Refrigerator,Home,Furniture_Appliances
1058,GE GNE29GSKSS French Door Refrigerator,Home,Furniture_Appliances
1059,LG LFXS32726S French Door Refrigerator,Home,Furniture_Appliances
1060,Samsung RF28R7201SR French Door Refrigerator,Home,Furniture_Appliances
1061,Whirlpool WRF757SDHZ French Door Refrigerator,Home,Furniture_Appliances
1062,LG LSXS26366D Side-by-Side Refrigerator,Home,Furniture_Appliances
1063,GE GFE26GSKSS French Door Refrigerator,Home,Furniture_Appliances
1064,Samsung RF23J9011SR French Door Refrigerator,Home,Furniture_Appliances
1065,Whirlpool WRF992FIFM French Door Refrigerator,Home,Furniture_Appliances
1066,Kenmore 70343 French Door Refrigerator,Home,Furniture_Appliances
1067,LG LFXS28566S French Door Refrigerator,Home,Furniture_Appliances
1068,Frigidaire FGHB2868TF French Door Refrigerator,Home,Furniture_Appliances
1069,Samsung RF28HFEDBSR French Door Refrigerator,Home,Furniture_Appliances
2458,Ashley Furniture Signature Design - 12 Inch Chime Express Hybrid Innerspring Mattress - Bed in a Box - Queen - White,Home,Furniture_Appliances
2459,"DHP Emily Futon Sofa Bed, Modern Convertible Couch With Chrome Legs Quickly Converts into a Bed, Black Faux Leather",Home,Furniture_Appliances
2460,Linenspa 8 Inch Memory Foam and Innerspring Hybrid Mattress - Medium-Firm Feel - Twin,Home,Furniture_Appliances
2461,"Zinus 14 Inch SmartBase Mattress Foundation / Platform Bed Frame / Box Spring Replacement / Quiet Noise-Free / Maximum Under-bed Storage, Twin",Home,Furniture_Appliances
2462,"Walker Edison Furniture Company Modern Farmhouse Buffet Sideboard Kitchen Dining Storage Cabinet Living Room, 32 Inch, Reclaimed Barnwood Brown",Home,Furniture_Appliances
2463,"WE Furniture Minimal Farmhouse Wood Universal Stand for TV's up to 64"" Flat Screen Living Room Storage Shelves Entertainment Center, 58 Inch, Espresso",Home,Furniture_Appliances
2464,"Modway Aveline 6"" Gel Infused Memory Foam Twin Mattress With CertiPUR-US Certified Foam",Home,Furniture_Appliances
2465,"Winsome Halifax Storage/Organization, 5 drawer, White",Home,Furniture_Appliances
2466,"Zinus Armita 9 Inch Smart Box Spring / Mattress Foundation / Built-to-Last Metal Structure / High Profile / Easy Assembly, Queen",Home,Furniture_Appliances
2467,"Best Choice Products 5-Piece Metal and Wood Indoor Modern Rectangular Dining Table Furniture Set for Kitchen, Dining Room, Dinette, Breakfast Nook w/ 4 Chairs - Brown",Home,Furniture_Appliances
2468,"Serta RNE-3S-CC-SET Rane Collection Convertible Sofa, L66.1 x W33.1 x H29.5, Charcoal",Home,Furniture_Appliances
2469,"Amazon Basics Foldable, 14"" Metal Platform Bed Frame with Tool-Free Assembly, No Box Spring Needed - Full",Home,Furniture_Appliances
2470,"VASAGLE Industrial Storage Cabinet, Bathroom Floor Standing Cabinet, Utility Storage Shelf, Living Room, Bedroom, Hallway, Kitchen, Rustic Brown ULSC74BX",Home,Furniture_Appliances
2471,"Zinus 10 Inch Gel-Infused Green Tea Memory Foam Mattress / Cooling Gel Foam / Pressure Relieving / CertiPUR-US Certified / Bed-in-a-Box, Full",Home,Furniture_Appliances
2472,"WE Furniture Modern Farmhouse Buffet Entryway Bar Cabinet Storage, 32 Inch, Grey Wash",Home,Furniture_Appliances
2473,"Zinus 10 Inch Support Plus Pocket Spring Hybrid Mattress / Extra Firm Feel / More Coils for Durable Support / Pocket Innersprings for Motion Isolation / Bed-in-a-Box, Full",Home,Furniture_Appliances
2474,"Amazon Basics Classic Solid Wood Saddle-Seat Kitchen Counter Stool with Foot Plate 24 Inch, Black, Set of 2",Home,Furniture_Appliances
2475,Zinus Lottie Upholstered Platform Grey Bed Frame | Queen,Home,Furniture_Appliances
2476,"Zinus Joseph 14 Inch Metal Platforma Bed Frame / Mattress Foundation / Wood Slat Support / No Box Spring Needed / Sturdy Steel Structure, Queen",Home,Furniture_Appliances
2477,"Amazon Basics Classic Solid Wood Saddle-Seat Counter Stool with Foot Plate 29 Inch, Walnut, Set of 2",Home,Furniture_Appliances
2478,"Walker Edison Furniture Company Modern Farmhouse Buffet Entryway Bar Cabinet Storage, 32 Inch, Walnut Brown",Home,Furniture_Appliances
2479,"Zinus Moiz 14 Inch Wood Platform Bed / No Box Spring Needed / Wood Slat Support / Natural Finish, Queen",Home,Furniture_Appliances
2480,"Best Choice Products 4-Piece Wicker Patio Conversation Furniture Set w/ 4 Seats, Tempered Glass Top Table, 3 Sofas, Weather-Resistant Cushions - Brown",Home,Furniture_Appliances
2481,Home Styles White Buffet with Hutch,Home,Furniture_Appliances
2482,"Zinus Shalini Upholstered Diamond Stitched Platform Bed / Mattress Foundation / No Box Spring Needed / Wood Slat Support / Dark Grey, Queen",Home,Furniture_Appliances
2483,"Amazon Basics Classic Solid Wood Saddle-Seat Kitchen Counter Stool with Foot Plate 24 Inch, Espresso, Set of 2",Home,Furniture_Appliances
2484,"Best Choice Products 3-Piece Wooden Round Table & Chair Set for Kitchen, Dining",Home,Furniture_Appliances
2485,"Zinus Arnav Modern Studio 10 Inch Platform 2000H Metal Bed Frame / Mattress Foundation / Wooden Slat Support / With Headboard / Good Design Award Winner, Queen",Home,Furniture_Appliances
2486,Signature Design by Ashley - Realyn Dining Room Server - 2 Cabinets and 4 Drawers - Antique White,Home,Furniture_Appliances
2487,"Zinus Korey 14 Inch Platform Metal Bed Frame with Upholstered Headboard / Mattress Foundation / Wood Slat Support, Full",Home,Furniture_Appliances
2488,Christopher Knight Home Harington Outdoor 7 Piece Dining Set with Brown Patina Finish,Home,Furniture_Appliances
2489,"Sauder 419188 Storage Cabinet, L: 29.61"" x W: 16.10"" x H: 71.10"", Highland Oak Finish",Home,Furniture_Appliances
2490,"Zinus Dachelle Upholstered Platform Bed Frame / Mattress Foundation / Wood Slat Support / No Box Spring Needed / Easy Assembly, Queen",Home,Furniture_Appliances
2491,"Winsome Wood Halifax Storage/Organization, Black",Home,Furniture_Appliances
2492,"WE Furniture Modern Farmhouse Buffet Entryway Bar Cabinet Storage, 32 Inch, Brown Reclaimed Barnwood",Home,Furniture_Appliances
2493,"Best Choice Products 5-Piece Metal and Wood Indoor Modern Rectangular Dining Table Furniture Set for Kitchen, Dining Room, Dinette, Breakfast Nook w/ 4 Chairs - Brown/Black",Home,Furniture_Appliances
2494,Signature Design by Ashley - Tyler Creek Dining Room Server - Black/Gray,Home,Furniture_Appliances
2495,"Zinus Mia Modern Studio 14 Inch Platform 1500H Metal Bed Frame / Mattress Foundation / Wooden Slat Support / With Headboard / Good Design Award Winner, Queen",Home,Furniture_Appliances
2496,Christopher Knight Home Crested Bay Patio Furniture | Outdoor Grey Aluminum Sofa Couch with Dark Grey Water Resistant Cushions,Home,Furniture_Appliances
2497,Ashley Furniture Signature Design - Leahlyn Dining Room Server - Old World Traditional Design - Solid Pine Wood - Dark Brown,Home,Furniture_Appliances
2498,"Zinus Upholstered Platform Bed, Queen",Home,Furniture_Appliances
2499,Home Styles Nantucket White Pantry,Home,Furniture_Appliances
2500,"Christopher Knight Home Crested Bay Patio Furniture | Outdoor Wicker Coffee Table with Teak Finish Water Resistant Cushion, Brown",Home,Furniture_Appliances
2501,"Amazon Brand � Rivet Revolve Modern Upholstered Sofa with Reversible Sectional Chaise, 80""W, Denim Blue",Home,Furniture_Appliances
2502,Signature Design by Ashley - Lacey Dining Room Server - Rustic - Medium Brown Finish,Home,Furniture_Appliances
2503,"Zinus Gene 16 Inch SmartBase Deluxe Mattress Foundation / 2 Extra Inches high for Under-bed Storage / Platform Bed Frame / Box Spring Replacement / Strong / Sturdy / Quiet Noise-Free, Queen",Home,Furniture_Appliances
2504,"Sauder 416797 Harbor View Storage Cabinet, L: 35.43"" x W: 16.73"" x H: 61.02"", Antiqued White finish",Home,Furniture_Appliances
2505,"Zinus Trisha 7 Inch Platforma Bed Frame with Headboard / Mattress Foundation / Box Spring Optional / Wood Slat Support, Queen",Home,Furniture_Appliances
2506,Home Styles Nantucket Natural Pantry,Home,Furniture_Appliances
2507,Signature Design by Ashley - Sommerford Dining Room Server - Brown,Home,Furniture_Appliances
2508,"Zinus Gerard Deluxe Faux Leather Upholstered Platform Bed / Mattress Foundation / Easy Assembly / Strong Wood Slat Support, Queen",Home,Furniture_Appliances
2509,"Atlantic Furniture Nantucket Murphy Bed Chest with Charging Station & Mattress, Queen, White",Home,Furniture_Appliances
2510,Signature Design by Ashley - Sommerford Dining Room Server - Casual - Grayish Brown Finish,Home,Furniture_Appliances
2511,"Zinus Shalini Upholstered Platform Bed / Mattress Foundation / No Box Spring Needed / Wood Slat Support / Sage Grey, Queen",Home,Furniture_Appliances
2512,"Best Choice Products 5-Piece Dining Table Set for Kitchen, Dining Room w/ 4 Faux Leather Chairs, Dinette - Brown",Home,Furniture_Appliances
2513,"VASAGLE LOWELL Storage Cabinet, Cupboard, Multipurpose Cabinet, 3 Open Shelves and Closed Compartments, for Kitchen, Living Room, Bedroom, Industrial Style, Rustic Brown and Black ULSC",Home,Furniture_Appliances
2917,Black & Decker LDX120C 20V MAX Cordless Drill/Driver,Home,Tools
2918,Dewalt DCD771C2 20V MAX Cordless Drill/Driver,Home,Tools
2919,Makita XFD131 18V LXT Cordless Drill/Driver Kit,Home,Tools
2920,Bosch PS31-2A 12V MAX Cordless Drill/Driver Kit,Home,Tools
2921,Ryobi P208 One+ 18V Lithium Ion Drill/Driver,Home,Tools
2922,Milwaukee 2804-20 M18 FUEL Cordless Drill/Driver,Home,Tools
2923,Craftsman CMCD701C2 V20 Cordless Drill/Driver Kit,Home,Tools
2924,Porter-Cable PCCK604L2 20V MAX Cordless Drill/Driver Kit,Home,Tools
2925,Ridgid R86008K 18V Cordless Drill/Driver,Home,Tools
2926,Hitachi DS18DGL 18V Cordless Drill/Driver,Home,Tools
2927,Stanley STMT71648 40-Piece Socket Set,Home,Tools
2928,Dewalt DWMT81534 205-Piece Mechanics Tool Set,Home,Tools
2929,Craftsman CMMT12038 21-Piece Socket Set,Home,Tools
2930,Kobalt 227-Piece Standard/Metric Mechanics Tool Set,Home,Tools
2931,Stanley STMT73795 210-Piece Mixed Tool Set,Home,Tools
2932,GearWrench 80550P 56-Piece Socket Set,Home,Tools
2933,Craftsman CMMT12039 23-Piece Socket Set,Home,Tools
2934,Dewalt DWMT81522 181-Piece Mechanics Tool Set,Home,Tools
2935,Husky H100MTS 100-Piece Mechanics Tool Set,Home,Tools
2936,Craftsman CMMT12011 104-Piece Mechanics Tool Set,Home,Tools
2937,Dewalt DWE7491RS 10-Inch Jobsite Table Saw,Home,Tools
2938,Bosch 4100XC-10 10-Inch Table Saw,Home,Tools
2939,Skil TS6307-00 10-Inch Table Saw with Folding Stand,Home,Tools
2940,Dewalt DWS779 12-Inch Sliding Compound Miter Saw,Home,Tools
2941,Bosch CM10GD 10-Inch Dual-Bevel Glide Miter Saw,Home,Tools
2942,Makita LS1019L 10-Inch Dual-Bevel Sliding Compound Miter Saw,Home,Tools
2943,Dewalt DWS780 12-Inch Double Bevel Sliding Compound Miter Saw,Home,Tools
2944,Craftsman CMCS714M1 7.25-Inch Sliding Compound Miter Saw,Home,Tools
2945,Ryobi TSS103 10-Inch Sliding Compound Miter Saw,Home,Tools
2946,Dewalt DWE305 12-Amp Corded Reciprocating Saw,Home,Tools
2947,Bosch CRS180BL 18V Cordless Reciprocating Saw,Home,Tools
2948,Makita JR3050T 11-Amp Corded Reciprocating Saw,Home,Tools
2949,Dewalt DCS367B 20V MAX Cordless Reciprocating Saw,Home,Tools
2950,Milwaukee 2720-20 M18 FUEL Cordless Reciprocating Saw,Home,Tools
2951,Ryobi P519 18V Cordless Reciprocating Saw,Home,Tools
2952,Craftsman CMCS300B 20V Cordless Reciprocating Saw,Home,Tools
2953,Porter-Cable PCE360 7.5-Amp Corded Reciprocating Saw,Home,Tools
2954,Ridgid R3031 Corded Reciprocating Saw,Home,Tools
2955,Hitachi CR13V2 10-Amp Corded Reciprocating Saw,Home,Tools
2956,Bosch ROS20VSC Random Orbit Sander,Home,Tools
2957,Dewalt DWE6423K Variable Speed Random Orbit Sander,Home,Tools
2958,Makita BO5041K Variable Speed Random Orbit Sander,Home,Tools
2959,Black & Decker BDERO100 Random Orbit Sander,Home,Tools
2960,Porter-Cable 382 5-Inch Random Orbit Sander,Home,Tools
2961,Craftsman CMEW231 5-Inch Random Orbit Sander,Home,Tools
2962,Bosch ROS10 5-Inch Random Orbit Sander,Home,Tools
2963,Makita BO5030K 5-Inch Random Orbit Sander,Home,Tools
2964,Ryobi RS290G 2.6-Amp 5-Inch Random Orbit Sander,Home,Tools
2965,Ridgid R26011 6.5-Amp 5-Inch Random Orbit Sander,Home,Tools
2966,Skil 7492-02 5-Inch Random Orbit Sander,Home,Tools
2967,Dewalt DWE6421K 5-Inch Random Orbit Sander Kit,Home,Tools
2968,Bosch IDH182-02 18V Cordless Impact Driver,Home,Tools
2969,Dewalt DCF885C1 20V MAX Cordless Impact Driver,Home,Tools
2970,Makita XDT131 18V LXT Cordless Impact Driver Kit,Home,Tools
2971,Milwaukee 2753-20 M18 FUEL Cordless Impact Driver,Home,Tools
2972,Ryobi P237 18V ONE+ Cordless Impact Driver,Home,Tools
2973,Craftsman CMCF800C2 V20 Cordless Impact Driver Kit,Home,Tools
2974,Porter-Cable PCCK647LB 20V MAX Cordless Impact Driver,Home,Tools
2975,Ridgid R86037B 18V Cordless Impact Driver,Home,Tools
2976,Hitachi WH18DGL 18V Cordless Impact Driver,Home,Tools
2977,Black & Decker BDCI20C 20V MAX Cordless Impact Driver,Home,Tools
2978,Craftsman CMEF901 Corded Electric Leaf Blower,Home,Tools
2979,Greenworks BPB80L2510 80V Cordless Backpack Leaf Blower,Home,Tools
2980,Echo PB-580T 58.2cc Gas Backpack Leaf Blower,Home,Tools
2981,Hitachi RB24EAP 23.9cc Gas Handheld Leaf Blower,Home,Tools
2982,Dewalt DCBL720P1 20V MAX Cordless Leaf Blower,Home,Tools
2983,Black & Decker BV6000 12-Amp Corded Electric Leaf Blower/Vacuum/Mulcher,Home,Tools
2984,Makita XBU02PT1 18V X2 LXT Cordless Backpack Leaf Blower,Home,Tools
2985,Worx WG520 Turbine 600 Corded Electric Leaf Blower,Home,Tools
2986,Husqvarna 350BT 50.2cc Gas Backpack Leaf Blower,Home,Tools
2987,Poulan Pro PR48BT 48cc Gas Backpack Leaf Blower,Home,Tools
2988,Troy-Bilt TB4BP EC 32cc Gas Backpack Leaf Blower,Home,Tools
2989,Stihl BG 50 27.2cc Gas Handheld Leaf Blower,Home,Tools
2990,Hitachi RB24EAP 23.9cc Gas Handheld Leaf Blower,Home,Tools
2991,Dewalt DCBL720P1 20V MAX Cordless Leaf Blower,Home,Tools
2992,Echo PB-250LN 25.4cc Gas Handheld Leaf Blower,Home,Tools
2993,Greenworks 24012 7-Amp Corded Electric Leaf Blower,Home,Tools
2994,Black & Decker BV3600 12-Amp Corded Electric Leaf Blower/Vacuum,Home,Tools
2995,Sun Joe SBJ597E-SJB 6-Amp Corded Electric Leaf Blower,Home,Tools
2996,Toro 51621 UltraPlus Leaf Blower/Vacuum,Home,Tools
2997,Poulan Pro PR48BT 48cc Gas Backpack Leaf Blower,Home,Tools
2998,Troy-Bilt TB4BP EC 32cc Gas Backpack Leaf Blower,Home,Tools
2999,Stihl BG 50 27.2cc Gas Handheld Leaf Blower,Home,Tools
3000,Hitachi RB24EAP 23.9cc Gas Handheld Leaf Blower,Home,Tools
3001,Dewalt DCBL720P1 20V MAX Cordless Leaf Blower,Home,Tools
3002,Echo PB-250LN 25.4cc Gas Handheld Leaf Blower,Home,Tools
3003,Greenworks 24012 7-Amp Corded Electric Leaf Blower,Home,Tools
3004,Black & Decker BV3600 12-Amp Corded Electric Leaf Blower/Vacuum,Home,Tools
3005,Sun Joe SBJ597E-SJB 6-Amp Corded Electric Leaf,Home,Tools
3006,Dewalt DCD771C2 20V MAX Cordless Drill/Driver,Home,Tools
3007,Dewalt DWMT81534 205-Piece Mechanics Tool Set,Home,Tools
3008,Dewalt DWE7491RS 10-Inch Jobsite Table Saw,Home,Tools
3009,Dewalt DWS779 12-Inch Sliding Compound Miter Saw,Home,Tools
3010,Dewalt DWS780 12-Inch Double Bevel Sliding Compound Miter Saw,Home,Tools
3011,Dewalt DWE305 12-Amp Corded Reciprocating Saw,Home,Tools
3012,Dewalt DWMT81522 181-Piece Mechanics Tool Set,Home,Tools
3013,Dewalt DCS367B 20V MAX Cordless Reciprocating Saw,Home,Tools
3014,Dewalt DWE6423K Variable Speed Random Orbit Sander,Home,Tools
3015,Dewalt DWS709 12-Inch Sliding Compound Miter Saw,Home,Tools
3016,Dewalt DCK240C2 20V MAX Cordless Drill/Impact Combo Kit,Home,Tools
3017,Dewalt DWE575SB 7-1/4-Inch Circular Saw,Home,Tools
3018,Dewalt DWE6421K 5-Inch Random Orbit Sander Kit,Home,Tools
3019,Dewalt DWE7499GD 10-Inch Jobsite Table Saw with Rolling Stand,Home,Tools
3020,Dewalt DW1361 Titanium Pilot Point Drill Bit Set,Home,Tools
3021,Dewalt DCBL720P1 20V MAX Cordless Leaf Blower,Home,Tools
3022,Dewalt DW618PKB 2.25 HP Wood Router Kit,Home,Tools
3023,Dewalt DW1354 Brad Point Drill Bit Set,Home,Tools
3024,Dewalt DCST920P1 20V MAX Cordless String Trimmer,Home,Tools
3025,Dewalt DWE6421 5-Inch Random Orbit Sander,Home,Tools
3026,Dewalt DWE7485 8-1/4-Inch Jobsite Table Saw,Home,Tools
3027,Dewalt DW1363 Drill Bit Set,Home,Tools
3028,Dewalt DW511 1/2-Inch Hammer Drill,Home,Tools
3029,Dewalt DCD996B 20V MAX Cordless Hammer Drill/Driver,Home,Tools
3030,Dewalt DW1369 Drill Bit Set,Home,Tools
3031,"Dewalt DCB205-2 20V MAX XR Lithium Ion Battery, 2-Pack",Home,Tools
3032,Dewalt DWE7480 10-Inch Compact Job Site Table Saw,Home,Tools
3033,Dewalt DCB205 20V MAX XR Lithium Ion Battery,Home,Tools
3034,Dewalt DWE6421 5-Inch Random Orbit Sander,Home,Tools
3035,Dewalt DW715 15-Amp 12-Inch Compound Miter Saw,Home,Tools
3036,Dewalt DCS570B 20V MAX Cordless Circular Saw,Home,Tools
3037,Dewalt DWE402N 4-1/2-Inch 11-Amp Paddle Switch Angle Grinder,Home,Tools
3038,Dewalt DWARA100 Right Angle Attachment,Home,Tools
3039,Dewalt DWHT80276 Carbon Fiber Composite Hammer Tacker,Home,Tools
3040,Dewalt DW618B3 2-1/4 HP Wood Router Kit,Home,Tools
3041,Dewalt DCN692B 20V MAX Cordless Framing Nailer,Home,Tools
3042,Dewalt DW840K 7-Inch Angle Grinder,Home,Tools
3043,Dewalt DCS380B 20V MAX Cordless Reciprocating Saw,Home,Tools
3044,Dewalt DCN680B 20V MAX Cordless Brad Nailer,Home,Tools
3045,Dewalt DWS715 15-Amp 12-Inch Single Bevel Compound Miter Saw,Home,Tools
3046,Dewalt DWE7480XA 10-Inch Portable Table Saw with Table Saw Stand,Home,Tools
3047,Dewalt DCBL790M1 40V MAX Cordless Leaf Blower,Home,Tools
3048,"Dewalt DW1361-2 Titanium Pilot Point Drill Bit Set, 21-Piece",Home,Tools
3049,Dewalt DCBL772X1 60V MAX Cordless Handheld Leaf Blower,Home,Tools
3050,Dewalt DW618PK 2.25 HP Wood Router Kit,Home,Tools
3051,Milwaukee 2897-22 M18 Fuel Cordless Drill/Impact Combo Kit,Home,Tools
3052,Milwaukee 2767-20 M18 Fuel Cordless High-Torque Impact Wrench,Home,Tools
3053,Milwaukee 48-11-1862 M18 Redlithium XC 6.0Ah Extended Capacity Battery Pack,Home,Tools
3054,Milwaukee 2804-20 M18 Fuel Cordless Hammer Drill,Home,Tools
3055,Milwaukee 48-11-1850 M18 Redlithium XC 5.0Ah Extended Capacity Battery Pack,Home,Tools
3056,Milwaukee 2724-20 M18 Fuel Cordless Blower,Home,Tools
3057,Milwaukee 2803-20 M18 Fuel Cordless Drill,Home,Tools
3058,Milwaukee 2727-20 M18 Fuel Cordless Chainsaw,Home,Tools
3059,Milwaukee 2457-20 M12 Cordless 3/8-Inch Ratchet,Home,Tools
3060,Milwaukee 2780-20 M18 Fuel Cordless Angle Grinder,Home,Tools
3061,Milwaukee 2626-20 M18 Cordless Multi-Tool,Home,Tools
3062,Milwaukee 0880-20 Cordless Wet/Dry Vacuum,Home,Tools
3063,Milwaukee 2456-20 M12 Cordless 1/4-Inch Ratchet,Home,Tools
3064,Milwaukee 2763-20 M18 Fuel Cordless Impact Wrench,Home,Tools
3065,Milwaukee 2728-20 M18 Fuel Cordless Blower,Home,Tools
3066,Milwaukee 2732-20 M18 Fuel Cordless Circular Saw,Home,Tools
3067,Milwaukee 2553-20 M12 Fuel Cordless Impact Driver,Home,Tools
3068,Milwaukee 49-22-4185 All-Purpose Professional Hole Saw Kit,Home,Tools
3069,Milwaukee 2625-20 M18 Cordless Reciprocating Saw,Home,Tools
3070,Milwaukee 48-22-9516 Combination Wrench Set,Home,Tools
3071,Milwaukee 2754-20 M18 Fuel Cordless Impact Wrench,Home,Tools
3072,Milwaukee 2853-20 M18 Fuel Cordless Impact Driver,Home,Tools
3073,Milwaukee 48-22-8450 2-Piece Pliers Set,Home,Tools
3074,Milwaukee 2997-22 M18 Fuel Cordless Hammer Drill/Impact Combo Kit,Home,Tools
3075,Milwaukee 48-11-1812 M18 Redlithium HD 12.0Ah Extended Capacity Battery Pack,Home,Tools
3076,Milwaukee 48-59-1812 M18/M12 Dual Voltage Charger,Home,Tools
3077,Milwaukee 2730-20 M18 Fuel Cordless Circular Saw,Home,Tools
3078,Milwaukee 48-22-9004 Ratcheting Wrench Set,Home,Tools
3079,Milwaukee 48-22-9202 Double Flare Tool Set,Home,Tools
3080,Milwaukee 2804-22 M18 Fuel Cordless Hammer Drill Kit,Home,Tools
3081,Milwaukee 2696-24 M18 Cordless Combo Tool Kit,Home,Tools
3082,Milwaukee 2719-20 M18 Fuel Cordless Hackzall Reciprocating Saw,Home,Tools
3083,Milwaukee 48-22-8426 6-Piece Screwdriver Set,Home,Tools
3084,Milwaukee 48-59-1200 M12/M18 Charger,Home,Tools
3085,Milwaukee 2555-22 M12 Fuel Cordless Stubby Impact Wrench,Home,Tools
3086,Milwaukee 2729-20 M18 Fuel Deep Cut Cordless Band Saw,Home,Tools
3087,Milwaukee 48-22-9008 SAE/Metric Socket Set,Home,Tools
3088,Milwaukee 48-59-1850 M18/M12 Redlithium XC 5.0Ah Extended Capacity Battery Pack,Home,Tools
3089,Milwaukee 48-22-4260 6-Inch Diagonal Cutting Pliers,Home,Tools
3090,Milwaukee 2457-21 M12 Cordless 3/8-Inch Ratchet Kit,Home,Tools
3091,Milwaukee 2718-20 M18 Fuel Cordless Sawzall Reciprocating Saw,Home,Tools
3092,Milwaukee 48-89-4631 Shockwave Drill Bit Set,Home,Tools
3093,Milwaukee 48-22-8424 4-Piece Nut Driver Set,Home,Tools
3094,Milwaukee 48-22-9010 SAE/Metric Combination,Home,Tools
3175,Area rugs,Home,Decor
3176,Throw pillows,Home,Decor
3177,Curtains and drapes,Home,Decor
3178,Wall art and paintings,Home,Decor
3179,Mirrors,Home,Decor
3180,Decorative vases,Home,Decor
3181,House plants,Home,Decor
3182,Candles,Home,Decor
3183,Decorative trays and bowls,Home,Decor
3184,Photo frames,Home,Decor
3185,Wall shelves,Home,Decor
3186,Bookends,Home,Decor
3187,Decorative boxes and baskets,Home,Decor
3188,Table lamps,Home,Decor
3189,Floor lamps,Home,Decor
3190,Chandeliers and pendant lights,Home,Decor
3191,Ceiling fans,Home,Decor
3192,Artificial flowers and plants,Home,Decor
3193,Decorative sculptures and figurines,Home,Decor
3194,Wall clocks,Home,Decor
3195,Wall sconces,Home,Decor
3196,Decorative hooks and knobs,Home,Decor
3197,Decorative mirrors and frames,Home,Decor
3198,Decorative wall plates,Home,Decor
3199,Decorative letters and numbers,Home,Decor
3200,Wall decals and stickers,Home,Decor
3201,Decorative tapestries and wall hangings,Home,Decor
3202,Decorative door stops and wedges,Home,Decor
